<?xml version="1.0" encoding="UTF-8"?>
<metadata xml:lang="en"><Esri><CreaDate>20191015</CreaDate><CreaTime>14531800</CreaTime><ArcGISFormat>1.0</ArcGISFormat><SyncOnce>TRUE</SyncOnce><DataProperties><itemProps><itemLocation><linkage Sync="TRUE">file://\\SJOH4751-DESKTO\C$\Users\sjoh4751\Dropbox\Gwen\Ecological Release\eco_release_final_analysis\eco_release_open_code\Data\lithnow_from_all_occs_layer_by_stage_1deg_190606.tif</linkage><protocol Sync="TRUE">Local Area Network</protocol></itemLocation></itemProps><copyHistory><copy source="C:\Users\sjoh4751\Dropbox\Gwen\Ecological Release\eco_release_final_analysis\lithnow_from_all_occs_layer_by_stage_1deg_190606.tif" dest="\\SJOH4751-DESKTO\C$\Users\sjoh4751\Dropbox\Gwen\Ecological Release\eco_release_final_analysis\eco_release_open_code\Data\lithnow_from_all_occs_layer_by_stage_1deg_190606.tif" date="20191015" time="14531800"></copy></copyHistory></DataProperties></Esri></metadata>
